<?xml version="1.0" encoding="UTF-8"?>
<project-private xmlns="http://www.netbeans.org/ns/project-private/1">
    <editor-bookmarks xmlns="http://www.netbeans.org/ns/editor-bookmarks/2" lastBookmarkId="0"/>
    <open-files xmlns="http://www.netbeans.org/ns/projectui-open-files/2">
        <group>
            <file>file:/C:/Users/deivi/OneDrive/Documentos/Documentacion%20DAM/Curso%202º(20-21)/2.Programación%20(PROG)/Unidad%202/Tarea/Lopez_Coronel_David_PROG02_Tarea/src/tarea2/Ejercicio01.java</file>
            <file>file:/C:/Users/deivi/OneDrive/Documentos/Documentacion%20DAM/Curso%202º(20-21)/2.Programación%20(PROG)/Unidad%202/Tarea/Lopez_Coronel_David_PROG02_Tarea/src/tarea2/Ejercicio02.java</file>
            <file>file:/C:/Users/deivi/OneDrive/Documentos/Documentacion%20DAM/Curso%202º(20-21)/2.Programación%20(PROG)/Unidad%202/Tarea/Lopez_Coronel_David_PROG02_Tarea/src/tarea2/Ejercicio03.java</file>
            <file>file:/C:/Users/deivi/OneDrive/Documentos/Documentacion%20DAM/Curso%202º(20-21)/2.Programación%20(PROG)/Unidad%202/Tarea/Lopez_Coronel_David_PROG02_Tarea/src/tarea2/Ejercicio05.java</file>
            <file>file:/C:/Users/deivi/OneDrive/Documentos/Documentacion%20DAM/Curso%202º(20-21)/2.Programación%20(PROG)/Unidad%202/Tarea/Lopez_Coronel_David_PROG02_Tarea/src/tarea2/Ejercicio04.java</file>
        </group>
    </open-files>
</project-private>
