<?xml version="1.0" encoding="UTF-8"?>
<project-private xmlns="http://www.netbeans.org/ns/project-private/1">
    <editor-bookmarks xmlns="http://www.netbeans.org/ns/editor-bookmarks/2" lastBookmarkId="0"/>
    <open-files xmlns="http://www.netbeans.org/ns/projectui-open-files/2">
        <group>
            <file>file:/C:/Users/deivi/OneDrive/Documentos/NetBeansProjects/Progamación/López_Coronel_David_PROG_Tarea06/src/maquina/Maquina.java</file>
            <file>file:/C:/Users/deivi/OneDrive/Documentos/NetBeansProjects/Progamación/López_Coronel_David_PROG_Tarea06/src/maquina/Enchufable.java</file>
            <file>file:/C:/Users/deivi/OneDrive/Documentos/NetBeansProjects/Progamación/López_Coronel_David_PROG_Tarea06/src/maquina/Calculadora.java</file>
            <file>file:/C:/Users/deivi/OneDrive/Documentos/NetBeansProjects/Progamación/López_Coronel_David_PROG_Tarea06/src/maquina/Recargable.java</file>
            <file>file:/C:/Users/deivi/OneDrive/Documentos/NetBeansProjects/Progamación/López_Coronel_David_PROG_Tarea06/src/maquina/Molino.java</file>
            <file>file:/C:/Users/deivi/OneDrive/Documentos/NetBeansProjects/Progamación/López_Coronel_David_PROG_Tarea06/src/maquina/MaquinaElectrica.java</file>
            <file>file:/C:/Users/deivi/OneDrive/Documentos/NetBeansProjects/Progamación/López_Coronel_David_PROG_Tarea06/src/maquina/Coche.java</file>
            <file>file:/C:/Users/deivi/OneDrive/Documentos/NetBeansProjects/Progamación/López_Coronel_David_PROG_Tarea06/src/maquina/CocheElectrico.java</file>
            <file>file:/C:/Users/deivi/OneDrive/Documentos/NetBeansProjects/Progamación/López_Coronel_David_PROG_Tarea06/src/pruebamaquina/PruebaMaquina.java</file>
            <file>file:/C:/Users/deivi/OneDrive/Documentos/NetBeansProjects/Progamación/López_Coronel_David_PROG_Tarea06/src/maquina/Bicicleta.java</file>
            <file>file:/C:/Users/deivi/OneDrive/Documentos/NetBeansProjects/Progamación/López_Coronel_David_PROG_Tarea06/src/maquina/Desplazable.java</file>
            <file>file:/C:/Users/deivi/OneDrive/Documentos/NetBeansProjects/Progamación/López_Coronel_David_PROG_Tarea06/src/maquina/MaquinaMecanica.java</file>
            <file>file:/C:/Users/deivi/OneDrive/Documentos/NetBeansProjects/Progamación/López_Coronel_David_PROG_Tarea06/src/maquina/Batidora.java</file>
        </group>
    </open-files>
</project-private>
