<?xml version="1.0" encoding="UTF-8"?>
<project-private xmlns="http://www.netbeans.org/ns/project-private/1">
    <editor-bookmarks xmlns="http://www.netbeans.org/ns/editor-bookmarks/2" lastBookmarkId="0"/>
    <open-files xmlns="http://www.netbeans.org/ns/projectui-open-files/2">
        <group>
            <file>file:/C:/Users/deivi/OneDrive/Documentos/NetBeansProjects/Progamación/López_Coronel_David_PROG_Tarea05/src/tarea5/Revolver.java</file>
            <file>file:/C:/Users/deivi/OneDrive/Documentos/NetBeansProjects/Progamación/López_Coronel_David_PROG_Tarea05/src/tarea5/Utilidades.java</file>
            <file>file:/C:/Users/deivi/OneDrive/Documentos/NetBeansProjects/Progamación/López_Coronel_David_PROG_Tarea05/src/tarea5/PruebaRevolver.java</file>
        </group>
    </open-files>
</project-private>
