<?xml version="1.0" encoding="UTF-8"?>
<project-private xmlns="http://www.netbeans.org/ns/project-private/1">
    <editor-bookmarks xmlns="http://www.netbeans.org/ns/editor-bookmarks/2" lastBookmarkId="0"/>
    <open-files xmlns="http://www.netbeans.org/ns/projectui-open-files/2">
        <group>
            <file>file:/C:/Users/deivi/OneDrive/Documentos/NetBeansProjects/Progamación/Lopez_Coronel_David_PROG_Tarea04/src/tarea04/Ejercicio01.java</file>
            <file>file:/C:/Users/deivi/OneDrive/Documentos/NetBeansProjects/Progamación/Lopez_Coronel_David_PROG_Tarea04/src/tarea04/Ejercicio05.java</file>
            <file>file:/C:/Users/deivi/OneDrive/Documentos/NetBeansProjects/Progamación/Lopez_Coronel_David_PROG_Tarea04/src/tarea04/Ejercicio02.java</file>
            <file>file:/C:/Users/deivi/OneDrive/Documentos/NetBeansProjects/Progamación/Lopez_Coronel_David_PROG_Tarea04/src/tarea04/Ejercicio03.java</file>
            <file>file:/C:/Users/deivi/OneDrive/Documentos/NetBeansProjects/Progamación/Lopez_Coronel_David_PROG_Tarea04/src/tarea04/Ejercicio04.java</file>
        </group>
    </open-files>
</project-private>
