<?xml version="1.0" encoding="UTF-8"?>
<project-private xmlns="http://www.netbeans.org/ns/project-private/1">
    <editor-bookmarks xmlns="http://www.netbeans.org/ns/editor-bookmarks/2" lastBookmarkId="0"/>
    <open-files xmlns="http://www.netbeans.org/ns/projectui-open-files/2">
        <group>
            <file>file:/C:/Users/deivi/OneDrive/Documentos/NetBeansProjects/Tarea1_PROG/src/Ejercicio4.java</file>
            <file>file:/C:/Users/deivi/OneDrive/Documentos/NetBeansProjects/Tarea1_PROG/src/Ejercicio1.java</file>
            <file>file:/C:/Users/deivi/OneDrive/Documentos/NetBeansProjects/Tarea1_PROG/src/Ejercicio3.java</file>
            <file>file:/C:/Users/deivi/OneDrive/Documentos/NetBeansProjects/Tarea1_PROG/src/Ejercicio5.java</file>
            <file>file:/C:/Users/deivi/OneDrive/Documentos/NetBeansProjects/Tarea1_PROG/src/Ejercicio2.java</file>
            <file>file:/C:/Users/deivi/OneDrive/Documentos/NetBeansProjects/Tarea1_PROG/src/Ejercicio6.java</file>
        </group>
    </open-files>
</project-private>
